species_cn,species_latin,lw_a,lw_b,a_lo,a_hi,b_lo,b_hi,length_type,length_unit,weight_unit,source,source_ref,source_url,fishbase_id,status
大黄鱼,Larimichthys crocea,0.00891,3.06,0.00589,0.01348,2.94,3.18,total length,cm,g,FishBase,FishBase Ref. 93245,https://www.fishbase.se/summary/Larimichthys-crocea.html,428,OK
卵形鲳鲹,Trachinotus ovatus,0.01122,2.89,0.00809,0.01556,2.8,2.98,total length,cm,g,FishBase,FishBase Ref. 93245,https://www.fishbase.se/summary/Trachinotus-ovatus.html,1773,OK
军曹鱼,Rachycentron canadum,0.0049,3.11,0.00358,0.00669,3.02,3.2,total length,cm,g,FishBase,FishBase Ref. 93245,https://www.fishbase.se/summary/Rachycentron-canadum.html,3542,OK
花鲈,Lateolabrax maculatus,0.01259,3.02,0.00885,0.0179,2.92,3.12,total length,cm,g,FishBase,FishBase Ref. 93245,https://www.fishbase.se/summary/Lateolabrax-maculatus.html,4589,OK
斜带石斑鱼,Epinephelus coioides,0.01148,3.04,0.01014,0.013,3.02,3.06,total length,cm,g,FishBase,FishBase Ref. 93245,https://www.fishbase.se/summary/Epinephelus-coioides.html,6465,OK
鞍带石斑鱼,Epinephelus lanceolatus,0.01148,3.04,0.0055,0.02396,2.88,3.2,total length,cm,g,FishBase,FishBase Ref. 93245,https://www.fishbase.se/summary/Epinephelus-lanceolatus.html,6468,OK
赤点石斑鱼,Epinephelus akaara,0.01413,3.06,0.00731,0.0273,2.9,3.22,total length,cm,g,FishBase,FishBase Ref. 93245,https://www.fishbase.se/summary/Epinephelus-akaara.html,5158,OK
许氏平鲉,Sebastes schlegelii,0.01047,3.08,0.00866,0.01266,3.04,3.12,total length,cm,g,FishBase,FishBase Ref. 93245,https://www.fishbase.se/summary/Sebastes-schlegelii.html,6534,OK
大菱鲆,Scophthalmus maximus,0.01122,3.06,0.00921,0.01367,3.0,3.12,total length,cm,g,FishBase,FishBase Ref. 93245,https://www.fishbase.se/summary/Scophthalmus-maximus.html,1348,OK
牙鲆,Paralichthys olivaceus,0.00794,3.07,0.00432,0.01461,2.9,3.24,total length,cm,g,FishBase,FishBase Ref. 93245,https://www.fishbase.se/summary/Paralichthys-olivaceus.html,1351,OK
半滑舌鳎,Cynoglossus semilaevis,0.00398,3.12,0.00256,0.0062,2.99,3.25,total length,cm,g,FishBase,FishBase Ref. 93245,https://www.fishbase.se/summary/Cynoglossus-semilaevis.html,17172,OK
红鳍东方鲀,Takifugu rubripes,0.0166,2.92,0.0074,0.03723,2.73,3.11,total length,cm,g,FishBase,FishBase Ref. 93245,https://www.fishbase.se/summary/Takifugu-rubripes.html,8198,OK
黄条鰤,Seriola lalandi,0.01862,2.93,0.01008,0.0344,2.76,3.1,total length,cm,g,FishBase,FishBase Ref. 93245,https://www.fishbase.se/summary/Seriola-lalandi.html,382,OK
高体鰤,Seriola dumerili,0.01778,2.91,0.01366,0.02316,2.83,2.99,total length,cm,g,FishBase,FishBase Ref. 93245,https://www.fishbase.se/summary/Seriola-dumerili.html,1005,OK
真鲷,Pagrus major,0.01288,3.03,0.0114,0.01455,3.0,3.06,total length,cm,g,FishBase,FishBase Ref. 93245,https://www.fishbase.se/summary/Pagrus-major.html,445,OK
黑鲷,Acanthopagrus schlegelii,0.02089,2.99,0.0126,0.03464,2.85,3.13,total length,cm,g,FishBase,FishBase Ref. 93245,https://www.fishbase.se/summary/Acanthopagrus-schlegelii.html,6531,OK
黄鳍鲷,Acanthopagrus latus,0.01622,2.96,0.01305,0.02015,2.92,3.0,total length,cm,g,FishBase,FishBase Ref. 93245,https://www.fishbase.se/summary/Acanthopagrus-latus.html,6356,OK
美国红鱼,Sciaenops ocellatus,0.00851,3.07,0.0054,0.01343,2.94,3.2,total length,cm,g,FishBase,FishBase Ref. 93245,https://www.fishbase.se/summary/Sciaenops-ocellatus.html,1191,OK
鲻,Mugil cephalus,0.01202,2.94,0.01087,0.0133,2.91,2.97,total length,cm,g,FishBase,FishBase Ref. 93245,https://www.fishbase.se/summary/Mugil-cephalus.html,785,OK
梭鱼,Planiliza haematocheila,0.00933,2.95,0.00618,0.01409,2.83,3.07,total length,cm,g,FishBase,FishBase Ref. 93245,https://www.fishbase.se/summary/Planiliza-haematocheila.html,13000,OK
罗非鱼,Oreochromis niloticus,0.01778,2.99,0.01491,0.02121,2.96,3.02,total length,cm,g,FishBase,FishBase Ref. 93245,https://www.fishbase.se/summary/Oreochromis-niloticus.html,2,OK
大西洋鲑,Salmo salar,0.01023,3.03,0.00842,0.01244,2.99,3.07,total length,cm,g,FishBase,FishBase Ref. 93245,https://www.fishbase.se/summary/Salmo-salar.html,236,OK
虹鳟,Oncorhynchus mykiss,0.00933,3.03,0.00733,0.01189,2.99,3.07,total length,cm,g,FishBase,FishBase Ref. 93245,https://www.fishbase.se/summary/Oncorhynchus-mykiss.html,239,OK
条石鲷,Oplegnathus fasciatus,0.01995,3.01,0.00906,0.04395,2.83,3.19,total length,cm,g,FishBase,FishBase Ref. 93245,https://www.fishbase.se/summary/Oplegnathus-fasciatus.html,6532,OK
圆斑星鲽,Verasper variegatus,0.01175,3.09,0.00533,0.02588,2.89,3.29,total length,cm,g,FishBase,FishBase Ref. 93245,https://www.fishbase.se/summary/Verasper-variegatus.html,6607,OK
星突江鲽,Platichthys stellatus,0.00813,3.09,0.0071,0.00931,3.05,3.13,total length,cm,g,FishBase,FishBase Ref. 93245,https://www.fishbase.se/summary/Platichthys-stellatus.html,4249,OK
大泷六线鱼,Hexagrammos otakii,0.00479,3.12,0.00204,0.01123,2.91,3.33,total length,cm,g,FishBase,FishBase Ref. 93245,https://www.fishbase.se/summary/Hexagrammos-otakii.html,6598,OK
绿鳍马面鲀,Thamnaconus septentrionalis,0.01047,3.08,0.00511,0.02146,2.89,3.27,total length,cm,g,FishBase,FishBase Ref. 93245,https://www.fishbase.se/summary/Thamnaconus-septentrionalis.html,24252,OK
褐篮子鱼,Siganus fuscescens,0.01288,3.04,0.01006,0.01649,2.99,3.09,total length,cm,g,FishBase,FishBase Ref. 93245,https://www.fishbase.se/summary/Siganus-fuscescens.html,4616,OK
黄盖鲽,Pseudopleuronectes yokohamae,0.00776,3.07,0.00665,0.00906,3.03,3.11,total length,cm,g,FishBase,FishBase Ref. 93245,https://www.fishbase.se/summary/Pseudopleuronectes-yokohamae.html,8170,OK
